{"cameraMode":{"drawMode":0,"name":"Shaded","section":"Shading Mode"},"sceneLighting":true,"audioPlay":false,"sceneViewState":{"showFog":true,"showMaterialUpdate":true,"showSkybox":true,"showFlares":true,"showImageEffects":true,"showParticleSystems":true},"in2DMode":false,"pivot":{"x":-22.15329360961914,"y":16.660547256469728,"z":2.658682346343994},"rotation":{"x":0.06375492364168167,"y":0.6382770538330078,"z":-0.05317115783691406,"w":0.7653734087944031},"size":23.736665725708009,"orthographic":false}