{"cameraMode":{"drawMode":0,"name":"Shaded","section":"Shading Mode"},"sceneLighting":true,"audioPlay":false,"sceneViewState":{"showFog":true,"showMaterialUpdate":true,"showSkybox":true,"showFlares":true,"showImageEffects":true,"showParticleSystems":true},"in2DMode":false,"pivot":{"x":-39.61180114746094,"y":9.430787086486817,"z":4.249209880828857},"rotation":{"x":-0.032895028591156009,"y":0.691591203212738,"z":0.03155992552638054,"w":0.7208518385887146},"size":3.4724714756011965,"orthographic":false}