{"cameraMode":{"drawMode":0,"name":"Shaded","section":"Shading Mode"},"sceneLighting":true,"audioPlay":false,"sceneViewState":{"showFog":true,"showMaterialUpdate":true,"showSkybox":true,"showFlares":true,"showImageEffects":true,"showParticleSystems":true},"in2DMode":false,"pivot":{"x":-61.504669189453128,"y":4.5769171714782719,"z":12.318985939025879},"rotation":{"x":0.15718843042850495,"y":-0.05831221863627434,"z":0.009195868857204914,"w":0.9858965873718262},"size":7.403487682342529,"orthographic":false}