{"cameraMode":{"drawMode":0,"name":"Shaded","section":"Shading Mode"},"sceneLighting":true,"audioPlay":false,"sceneViewState":{"showFog":true,"showMaterialUpdate":true,"showSkybox":true,"showFlares":true,"showImageEffects":true,"showParticleSystems":true},"in2DMode":false,"pivot":{"x":-48.764034271240237,"y":11.023268699645996,"z":-2.5860555171966554},"rotation":{"x":0.06563597172498703,"y":-0.4555870592594147,"z":-0.03361094743013382,"w":-0.8872661590576172},"size":6.98070764541626,"orthographic":false}