{"cameraMode":{"drawMode":0,"name":"Shaded","section":"Shading Mode"},"sceneLighting":false,"audioPlay":false,"sceneViewState":{"showFog":false,"showMaterialUpdate":false,"showSkybox":false,"showFlares":false,"showImageEffects":false,"showParticleSystems":false},"in2DMode":false,"pivot":{"x":0.000007614493370056152,"y":0.0,"z":-0.00000762939453125},"rotation":{"x":-0.10930825024843216,"y":0.8767213821411133,"z":-0.23727747797966004,"w":-0.40388748049736025},"size":3.5099387168884279,"orthographic":false}